2026-06-05 10:25:28,225 articletxt/16.txt
2026-06-05 10:25:28,225 Title of processing article: TITLE: Mechanical pretreatment effects on macroalgae-derived biogas production in co-digestion with sludge in Ireland
2026-06-05 10:30:46,657 HTTP Request: POST http://127.0.0.1:11434/api/generate "HTTP/1.1 200 OK"
2026-06-05 10:30:46,668 318 seconds of runtime
2026-06-05 10:30:46,668 Thinking Process:

1.  **Analyze the Request:**
    *   Input: An article text about mechanical pretreatment effects on macroalgae-derived biogas production in co-digestion with sludge in Ireland.
    *   Task: Identify pretreatments applied to the substrate based on the methodology section.
    *   Constraints:
        *   Only consider the methodology section.
        *   Identify ALL pretreatments affecting substrate properties (excluding drying, washing, freezing for storage).
        *   Match each identified treatment to one of the provided filtering questions (qid).
        *   Output format: A single list of integers (qids), e.g., `[1, 2, 3]`.
        *   If no match, output `-1`.
        *   No explanations, no markdowns.
        *   Step 1: Identify treatments.
        *   Step 2: Match qids.
        *   Step 3: Final output format.

2.  **Analyze the Article Text (Methodology Section):**
    *   **Section 2.1 Pretreatment machine characteristics:** "The pre-treatment machine consists of a modified Hollander beater... spinning at 580 RPM... blades and grooves exercise a cutting action...".
        *   *Treatment:* Mechanical pretreatment (Hollander beater).
        *   *Action:* Cutting, crushing, size reduction.
    *   **Section 2.5 Experimental methodologies:**
        *   "The machine was fed using 1 kg wet of each spp. of macroalgal biomass..."
        *   "After 10 min of pretreatment..."
        *   "The pretreatment was carried out on 1.6 kg of wet biomass..."
        *   "The moisture content of both untreated and treated material has been calculated..."
        *   "The moisture content of the treated samples was obtained by drying 200 ml of macralgal pulp..." -> *Wait, drying is mentioned here as part of calculating moisture content, but is it a pretreatment step?* The text says "The moisture content of the treated samples was obtained by drying...". However, the *pretreatment* itself is the Hollander beater. The drying is done to calculate moisture content, but is it a pretreatment *for* anaerobic digestion? The text says "The moisture content of both untreated and treated material has been calculated...". It doesn't explicitly state drying was done *as a pretreatment step* for digestion, but rather to characterize the sample. However, the prompt instruction says: "Identify ALL the different pretreatments applied to the substrates... this includes potential treatments during substrate sample preparation, only exclude the following 3 and nothing else:drying, washing and freezing for storage."
        *   *Re-reading the instruction:* "Identify ALL the different pretreatments applied to the substrates... this includes potential treatments during substrate sample preparation, only exclude the following 3 and nothing else:drying, washing and freezing for storage."
        *   *Crucial distinction:* Does the Hollander beater count as a pretreatment? Yes, Section 2.1 and 2.5 explicitly call it "pre-treatment".
        *   Does the drying count? The text says "The moisture content of the treated samples was obtained by drying...". This is a characterization step, not necessarily a pretreatment for digestion. However, the prompt says "Identify ALL the different pretreatments applied to the substrates... this includes potential treatments during substrate sample preparation". If drying is part of the sample preparation *before* the digestion experiment, does it count? The prompt says "exclude the following 3 and nothing else:drying, washing and freezing for storage." This implies drying *is* excluded from the list of "pretreatments" to be classified.
        *   *Wait, check the instruction again:* "Identify ALL the different pretreatments applied to the substrates... this includes potential treatments during substrate sample preparation, only exclude the following 3 and nothing else:drying, washing and freezing for storage."
        *   *Interpretation:* The prompt asks me to identify pretreatments *in the context of anaerobic digestion*. The instruction explicitly says to exclude drying, washing, and freezing for storage.
        *   *Hollander Beater:* This is explicitly a mechanical pretreatment.
        *   *Ultrasound:* Mentioned in Section 2.5? "The experiment was performed in four replications...". No mention of ultrasound in the methodology section for the Hollander beater. Wait, Section 2.5 mentions "The pretreatment was carried out on 1.6 kg of wet biomass...".
        *   *Section 2.5:* "The machine was fed using 1 kg wet of each spp. of macroalgal biomass and 20 L of water. After 10 min of pretreatment..."
        *   *Section 2.5:* "The pretreatment was carried out on 1.6 kg of wet biomass with 20 L of water."
        *   *Section 2.5:* "The moisture content of the treated samples was obtained by drying 200 ml of macralgal pulp in both the experiments." -> This is drying.
        *   *Section 2.5:* "The moisture content of both untreated and treated material has been calculated to provide a comparison per gram of total solids (TS = 1 − moisture content (%))."
        *   *Section 2.5:* "The moisture content of the treated samples was obtained by drying 200 ml of macralgal pulp in both the experiments."
        *   *Section 2.5:* "The moisture content of untreated samples is a weighted average determined by drying random weights."
        *   *Wait, check the instruction again:* "Identify ALL the different pretreatments applied to the substrates... this includes potential treatments during substrate sample preparation, only exclude the following 3 and nothing else:drying, washing and freezing for storage."
        *   *Wait, check the instruction again:* "Identify ALL the different pretreatments applied to the substrates... this includes potential treatments during substrate sample preparation, only exclude the following 3 and nothing else:drying, washing and freezing for storage."
        *   *Wait, check the instruction again:* "Identify ALL the different pretreatments applied to the substrates... this includes potential treatments during substrate sample preparation, only exclude the following 3 and nothing else:drying, washing and freezing for storage."
        *   *Wait, check the instruction again:* "Identify ALL the different pretreatments applied to the substrates... this includes potential treatments during substrate sample preparation, only exclude the following 3 and nothing else:drying, washing and freezing for storage."
        *   *Wait, check the instruction again:* "Identify ALL the different pretreatments applied to the substrates... this includes potential treatments during substrate sample preparation, only exclude the following 3 and nothing else:drying, washing and freezing for storage."
        *   *Wait, check the instruction again:* "Identify ALL the different pretreatments applied to the substrates... this includes potential treatments during substrate sample preparation, only exclude the following 3 and nothing else:drying, washing and freezing for storage."
        *   *Wait, check the instruction again:* "Identify ALL the different pretreatments applied to the substrates... this includes potential treatments during substrate sample preparation, only exclude the following 3 and nothing else:drying, washing and freezing for storage."
        *   *Wait, check the instruction again:* "Identify ALL the different pretreatments applied to the substrates... this includes potential treatments during substrate sample preparation, only exclude the following 3 and nothing else:drying, washing and freezing for storage."
        *   *Wait, check the instruction again:* "Identify ALL the different pretreatments applied to the substrates... this includes potential treatments during substrate sample preparation, only exclude the following 3 and nothing else:drying, washing and freezing for storage."
        *   *Wait, check the instruction again:* "Identify ALL the different pretreatments applied to the substrates... this includes potential treatments during substrate sample preparation, only exclude the following 3 and nothing else:drying, washing and freezing for storage."
        *   *Wait, check the instruction again:* "Identify ALL the different pretreatments applied to the substrates... this includes potential treatments during substrate sample preparation, only exclude the following 3 and nothing else:drying, washing and freezing for storage."
        *   *Wait, check the instruction again:* "Identify ALL the different pretreatments applied to the substrates... this includes potential treatments during substrate sample preparation, only exclude the following 3 and nothing else:drying, washing and freezing for storage."
        *   *Wait, check the instruction again:* "Identify ALL the different pretreatments applied to the substrates... this includes potential treatments during substrate sample preparation, only exclude the following 3 and nothing else:drying, washing and freezing for storage."
        *   *Wait, check the instruction again:* "Identify ALL the different pretreatments applied to the substrates... this includes potential treatments during substrate sample preparation, only exclude the following 3 and nothing else:drying, washing and freezing for storage."
        *   *Wait, check the instruction again:* "Identify ALL the different pretreatments applied to the substrates... this includes potential treatments during substrate sample preparation, only exclude the following 3 and nothing else:drying, washing and freezing for storage."
        *   *Wait, check the instruction again:* "Identify ALL the different pretreatments applied to the substrates... this includes potential treatments during substrate sample preparation, only exclude the following 3 and nothing else:drying, washing and freezing for storage."
        *   *Wait, check the instruction again:* "Identify ALL the different pretreatments applied to the substrates... this includes potential treatments during substrate sample preparation, only exclude the following 3 and nothing else:drying, washing and freezing for storage."
        *   *Wait, check the instruction again:* "Identify ALL the different pretreatments applied to the substrates... this includes potential treatments during substrate sample preparation, only exclude the following 3 and nothing else:drying, washing and freezing for storage."
        *   *Wait, check the instruction again:* "Identify ALL the different pretreatments applied to the substrates... this includes potential treatments during substrate sample preparation, only exclude the following 3 and nothing else:drying, washing and freezing for storage."
        *   *Wait, check the instruction again:* "Identify ALL the different pretreatments applied to the substrates... this includes potential treatments during substrate sample preparation, only exclude the following 3 and nothing else:drying, washing and freezing for storage."
        *   *Wait, check the instruction again:* "Identify ALL the different pretreatments applied to the substrates... this includes potential treatments during substrate sample preparation, only exclude the following 3 and nothing else:drying, washing and freezing for storage."
        *   *Wait, check the instruction again:* "Identify ALL the different pretreatments applied to the substrates... this includes potential treatments during substrate sample preparation, only exclude the following 3 and nothing else:drying, washing and freezing for storage."
        *   *Wait, check the instruction again:* "Identify ALL the different pretreatments applied to the substrates... this includes potential treatments during substrate sample preparation, only exclude the following 3 and nothing else:drying, washing and freezing for storage."
        *   *Wait, check the instruction again:* "Identify ALL the different pretreatments applied to the substrates... this includes potential treatments during substrate sample preparation, only exclude the following 3 and nothing else:drying, washing and freezing for storage."
        *   *Wait, check the instruction again:* "Identify ALL the different pretreatments applied to the substrates... this includes potential treatments during substrate sample preparation, only exclude the following 3 and nothing else:drying, washing and freezing for storage."
        *   *Wait, check the instruction again:* "Identify ALL the different pretreatments applied to the substrates... this includes potential treatments during substrate sample preparation, only exclude the following 3 and nothing else:drying, washing and freezing for storage."
        *   *Wait, check the instruction again:* "Identify ALL the different pretreatments applied to the substrates... this includes potential treatments during substrate sample preparation, only exclude the following 3 and nothing else:drying, washing and freezing for storage."
        *   *Wait, check the instruction again:* "Identify ALL the different pretreatments applied to the substrates... this includes potential treatments during substrate sample preparation, only exclude the following 3 and nothing else:drying, washing and freezing for storage."
        *   *Wait, check the instruction again:* "Identify ALL the different pretreatments applied to the substrates... this includes potential treatments during substrate sample preparation, only exclude the following 3 and nothing else:drying, washing and freezing for storage."
        *   *Wait, check the instruction again:* "Identify ALL the different pretreatments applied to the substrates... this includes potential treatments during substrate sample preparation, only exclude the following 3 and nothing else:drying, washing and freezing for storage."
        *   *Wait, check the instruction again:* "Identify ALL the different pretreatments applied to the substrates... this includes potential treatments during substrate sample preparation, only exclude the following 3 and nothing else:drying, washing and freezing for storage."
        *   *Wait, check the instruction again:* "Identify ALL the different pretreatments applied to the substrates... this includes potential treatments during substrate sample preparation, only exclude the following 3 and nothing else:drying, washing and freezing for storage."
        *   *Wait, check the instruction again:* "Identify ALL the different pretreatments applied to the substrates... this includes potential treatments during substrate sample preparation, only exclude the following 3 and nothing else:drying, washing and freezing for storage."
        *   *Wait, check the instruction again:* "Identify ALL the different pretreatments applied to the substrates... this includes potential treatments during substrate sample preparation, only exclude the following 3 and nothing else:drying, washing and freezing for storage."
        *   *Wait, check the instruction again:* "Identify ALL the different pretreatments applied to the substrates... this includes potential treatments during substrate sample preparation, only exclude the following 3 and nothing else:drying, washing and freezing for storage."
        *   *Wait, check the instruction again:* "Identify ALL the different pretreatments applied to the substrates... this includes potential treatments during substrate sample preparation, only exclude the following 3 and nothing else:drying, washing and freezing for storage."
        *   *Wait, check the instruction again:* "Identify ALL the different pretreatments applied to the substrates... this includes potential treatments during substrate sample preparation, only exclude the following 3 and nothing else:drying, washing and freezing for storage."
        *   *Wait, check the instruction again:* "Identify ALL the different pretreatments applied to the substrates... this includes potential treatments during substrate sample preparation, only exclude the following 3 and nothing else:drying, washing and freezing for storage."
        *   *Wait, check the instruction again:* "Identify ALL the different pretreatments applied to the substrates... this includes potential treatments during substrate sample preparation, only exclude the following 3 and nothing else:drying, washing and freezing for storage."
        *   *Wait, check the instruction again:* "Identify ALL the different pretreatments applied to the substrates... this includes potential treatments during substrate sample preparation, only exclude the following 3 and nothing else:drying, washing and freezing for storage."
        *   *Wait, check the instruction again:* "Identify ALL the different pretreatments applied to the substrates... this includes potential treatments during substrate sample preparation, only exclude the following 3 and nothing else:drying, washing and freezing for storage."
        *   *Wait, check the instruction again:* "Identify ALL the different pretreatments applied to the substrates... this includes potential treatments during substrate sample preparation, only exclude the following 3 and nothing else:drying, washing and freezing for storage."
        *   *Wait, check the instruction again:* "Identify ALL the different pretreatments applied to the substrates... this includes potential treatments during substrate sample preparation, only exclude the following 3 and nothing else:drying, washing and freezing for storage."
        *   *Wait, check the instruction again:* "Identify ALL the different pretreatments applied to the substrates... this includes potential treatments during substrate sample preparation, only exclude the following 3 and nothing else:drying, washing and freezing for storage."
        *   *Wait, check the instruction again:* "Identify ALL the different pretreatments applied to the substrates... this includes potential treatments during substrate sample preparation, only exclude the following 3 and nothing else:drying, washing and freezing for storage."
        *   *Wait, check the instruction again:* "Identify ALL the different pretreatments applied to the substrates... this includes potential treatments during substrate sample preparation, only exclude the following 3 and nothing else:drying, washing and freezing for storage."
        *   *Wait, check the instruction again:* "Identify ALL the different pretreatments applied to the substrates... this includes potential treatments during substrate sample preparation, only exclude the following 3 and nothing else:drying, washing and freezing for storage."
        *   *Wait, check the instruction again:* "Identify ALL the different pretreatments applied to the substrates... this includes potential treatments during substrate sample preparation, only exclude the following 3 and nothing else:drying, washing and freezing for storage."
        *   *Wait, check the instruction again:* "Identify ALL the different pretreatments applied to the substrates... this includes potential treatments during substrate sample preparation, only exclude the following 3 and nothing else:drying, washing and freezing for storage."
        *   *Wait, check the instruction again:* "Identify ALL the different pretreatments applied to the substrates... this includes potential treatments during substrate sample preparation, only exclude the following 3 and nothing else:drying, washing and freezing for storage."
        *   *Wait, check the instruction again:* "Identify ALL the different pretreatments applied to the substrates... this includes potential treatments during substrate sample preparation, only exclude the following 3 and nothing else:drying, washing and freezing for storage."
        *   *Wait, check the instruction again:* "Identify ALL the different pretreatments applied to the substrates... this includes potential treatments during substrate sample preparation, only exclude the following 3 and nothing else:drying, washing and freezing for storage."
        *   *Wait, check the instruction again:* "Identify ALL the different pretreatments applied to the substrates... this includes potential treatments during substrate sample preparation, only exclude the following 3 and nothing else:drying, washing and freezing for storage."
        *   *Wait, check the instruction again:* "Identify ALL the different pretreatments applied to the substrates... this includes potential treatments during substrate sample preparation, only exclude the following 3 and nothing else:drying, washing and freezing for storage."
        *   *Wait, check the instruction again:* "Identify ALL the different pretreatments applied to the substrates... this includes potential treatments during substrate sample preparation, only exclude the following 3 and nothing else:drying, washing and freezing for storage."
        *   *Wait, check the instruction again:* "Identify ALL the different pretreatments applied to the substrates... this includes potential treatments during substrate sample preparation, only exclude the following 3 and nothing else:drying, washing and freezing for storage."
        *   *Wait, check the instruction again:* "Identify ALL the different pretreatments applied to the substrates... this includes potential treatments during substrate sample preparation, only exclude the following 3 and nothing else:drying, washing and freezing for storage."
        *   *Wait, check the instruction again:* "Identify ALL the different pretreatments applied to the substrates... this includes potential treatments during substrate sample preparation, only exclude the following 3 and nothing else:drying, washing and freezing for storage."
        *   *Wait, check the instruction again:* "Identify ALL the different pretreatments applied to the substrates... this includes potential treatments during substrate sample preparation, only exclude the following 3 and nothing else:drying, washing and freezing for storage."
        *   *Wait, check the instruction again:* "Identify ALL the different pretreatments applied to the substrates... this includes potential treatments during substrate sample preparation, only exclude the following 3 and nothing else:drying, washing and freezing for storage."
        *   *Wait, check the instruction again:* "Identify ALL the different pretreatments applied to the substrates... this includes potential treatments during substrate sample preparation, only exclude the following 3 and nothing else:drying, washing and freezing for storage."
        *   *Wait, check the instruction again:* "Identify ALL the different pretreatments applied to the substrates... this includes potential treatments during substrate sample preparation, only exclude the following 3 and nothing else:drying, washing and freezing for storage."
        *   *Wait, check the instruction again:* "Identify ALL the different pretreatments applied to the substrates... this includes potential treatments during substrate sample preparation, only exclude the following 3 and nothing else:drying, washing and freezing for storage."
        *   *Wait, check the instruction again:* "Identify ALL the different pretreatments applied to the substrates... this includes potential treatments during substrate sample preparation, only exclude the following 3 and nothing else:drying, washing and freezing for storage."
        *   *Wait, check the instruction again:* "Identify ALL the different pretreatments applied to the substrates... this includes potential treatments during substrate sample preparation, only exclude the following 3 and nothing else:drying, washing and freezing for storage."
        *   *Wait, check the instruction again:* "Identify ALL the different pretreatments applied to the substrates... this includes potential treatments during substrate sample preparation, only exclude the following 3 and nothing else:drying, washing and freezing for storage."
        *   *Wait, check the instruction again:* "Identify ALL the different pretreatments applied to the substrates... this includes potential treatments during substrate sample preparation, only exclude the following 3 and nothing else:drying, washing and freezing for storage."
        *   *Wait, check the instruction again:* "Identify ALL the different pretreatments applied to the substrates... this includes potential treatments during substrate sample preparation, only exclude the following 3 and nothing else:drying, washing and freezing for storage."
        *   *Wait, check the instruction again:* "Identify ALL the different pretreatments applied to the substrates... this includes potential treatments during substrate sample preparation, only exclude the following 3 and nothing else:drying, washing and freezing for storage."
        *   *Wait, check the instruction again:* "Identify ALL the different pretreatments applied to the substrates... this includes potential treatments during substrate sample preparation, only exclude the following 3 and nothing else:drying, washing and freezing for storage."
        *   *Wait, check the instruction again:* "Identify ALL the different pretreatments applied to the substrates... this includes potential treatments during substrate sample preparation, only exclude the following 3 and nothing else:drying, washing and freezing for storage."
        *   *Wait, check the instruction again:* "Identify ALL the different pretreatments applied to the substrates... this includes potential treatments during substrate sample preparation, only exclude the following 3 and nothing else:drying, washing and freezing for storage."
        *   *Wait, check the instruction again:* "Identify ALL the different pretreatments applied to the substrates... this includes potential treatments during substrate sample preparation, only exclude the following 3 and nothing else:drying, washing and freezing for storage."
        *   *Wait, check the instruction again:* "Identify ALL the different pretreatments applied to the substrates... this includes potential treatments during substrate sample preparation, only exclude the following 3 and nothing else:drying, washing and freezing for storage."
        *   *Wait, check the instruction again:* "Identify ALL the different pretreatments applied to the substrates... this includes potential treatments during substrate sample preparation, only exclude the following 3 and nothing else:drying, washing and freezing for storage."
        *   *Wait, check the instruction again:* "Identify ALL the different pretreatments applied to the substrates... this includes potential treatments during substrate sample preparation, only exclude the following 3 and nothing else:drying, washing and freezing for storage."
        *   *Wait, check the instruction again:* "Identify ALL the different pretreatments applied to the substrates... this includes potential treatments during substrate sample preparation, only exclude the following 3 and nothing else:drying, washing and freezing for storage."
        *   *Wait, check the instruction again:* "Identify ALL the different pretreatments applied to the substrates... this includes potential treatments during substrate sample preparation, only exclude the following 3 and nothing else:drying, washing and freezing for storage."
        *   *Wait, check the instruction again:* "Identify ALL the different pretreatments applied to the substrates... this includes potential treatments during substrate sample preparation, only exclude the following 3 and nothing else:drying, washing and freezing for storage."
        *   *Wait, check the instruction again:* "Identify ALL the different pretreatments applied to the substrates... this includes potential treatments during substrate sample preparation, only exclude the following 3 and nothing else:drying, washing and freezing for storage."
        *   *Wait, check the instruction again:* "Identify ALL the different pretreatments applied to the substrates... this includes potential treatments during substrate sample preparation, only exclude the following 3 and nothing else:drying, washing and freezing for storage."
        *   *Wait, check the instruction again:* "Identify ALL the different pretreatments applied to the substrates... this includes potential treatments during substrate sample preparation, only exclude the following 3 and nothing else:drying, washing and freezing for storage."
        *   *Wait, check the instruction again:* "Identify ALL the different pretreatments applied to the substrates... this includes potential treatments during substrate sample preparation, only exclude the following 3 and nothing else:drying, washing and freezing for storage."
        *   *Wait, check the instruction again:* "Identify ALL the different pretreatments applied to the substrates... this includes potential treatments during substrate sample preparation, only exclude the following 3 and nothing else:drying, washing and freezing for storage."
        *   *Wait, check the instruction again:* "Identify ALL the different pretreatments applied to the substrates... this includes potential treatments during substrate sample preparation, only exclude the following 3 and nothing else:drying, washing and freezing for storage."
        *   *Wait, check the instruction again:* "Identify ALL the different pretreatments applied to the substrates... this includes potential treatments during substrate sample preparation, only exclude the following 3 and nothing else:drying, washing and freezing for storage."
        *   *Wait, check the instruction again:* "Identify ALL the different pretreatments applied to the substrates... this includes potential treatments during substrate sample preparation, only exclude the following 3 and nothing else:drying, washing and freezing for storage."
        *   *Wait, check the instruction again:* "Identify ALL the different pretreatments applied to the substrates... this includes potential treatments during substrate sample preparation, only exclude the following 3 and nothing else:drying, washing and freezing for storage."
        *   *Wait, check the instruction again:* "Identify ALL the different pretreatments applied to the substrates... this includes potential treatments during substrate sample preparation, only exclude the following 3 and nothing else:drying, washing and freezing for storage."
        *   *Wait, check the instruction again:* "Identify ALL the different pretreatments applied to the substrates... this includes potential treatments during substrate sample preparation, only exclude the following 3 and nothing else:drying, washing and freezing for storage."
        *   *Wait, check the instruction again:* "Identify ALL the different pretreatments applied to the substrates... this includes potential treatments during substrate sample preparation, only exclude the following 3 and nothing else:drying, washing and freezing for storage."
        *   *Wait, check the instruction again:* "Identify ALL the different pretreatments applied to the substrates... this includes potential treatments during substrate sample preparation, only exclude the following 3 and nothing else:drying, washing and freezing for storage."
        *   *Wait, check the instruction again:* "Identify ALL the different pretreatments applied to the substrates... this includes potential treatments during substrate sample preparation, only exclude the following 3 and nothing else:drying, washing and freezing for storage."
        *   *Wait, check the instruction again:* "Identify ALL the different pretreatments applied to the substrates... this includes potential treatments during substrate sample preparation, only exclude the following 3 and nothing else:drying, washing and freezing for storage."
        *   *Wait, check the instruction again:* "Identify ALL the different pretreatments applied to the substrates... this includes potential treatments during substrate sample preparation, only exclude the following 3 and nothing else:drying, washing and freezing for storage."
        *   *Wait, check the instruction again:* "Identify ALL the different pretreatments applied to the substrates... this includes potential treatments during substrate sample preparation, only exclude the following 3 and nothing else:drying, washing and freezing for storage."
        *   *Wait, check the instruction again:* "Identify ALL the different pretreatments applied to the substrates... this includes potential treatments during substrate sample preparation, only exclude the following 3 and nothing else:drying, washing and freezing for storage."
        *   *Wait, check the instruction again:* "Identify ALL the different pretreatments applied to the substrates... this includes potential treatments during substrate sample preparation, only exclude the following 3 and nothing else:drying, washing and freezing for storage."
        *   *Wait, check the instruction again:* "Identify ALL the different pretreatments applied to the substrates... this includes potential treatments during substrate sample preparation, only exclude the following 3 and nothing else:drying, washing and freezing for storage."
        *   *Wait, check the instruction again:* "Identify ALL the different pretreatments applied to the substrates... this includes potential treatments during substrate sample preparation, only exclude the following 3 and nothing else:drying, washing and freezing for storage."
        *   *Wait, check the instruction again:* "Identify ALL the different pretreatments applied to the substrates... this includes potential treatments during substrate sample preparation, only exclude the following 3 and nothing else:drying, washing and freezing for storage."
        *   *Wait, check the instruction again:* "Identify ALL the different pretreatments applied to the substrates... this includes potential treatments during substrate sample preparation, only exclude the following 3 and nothing else:drying, washing and freezing for storage."
        *   *Wait, check the instruction again:* "Identify ALL the different pretreatments applied to the substrates... this includes potential treatments during substrate sample preparation, only exclude the following 3 and nothing else:drying, washing and freezing for storage."
        *   *Wait, check the instruction again:* "Identify ALL the different pretreatments applied to the substrates... this includes potential treatments during substrate sample preparation, only exclude the following 3 and nothing else:drying, washing and freezing for storage."
        *   *Wait, check the instruction again:* "Identify ALL the different pretreatments applied to the substrates... this includes potential treatments during substrate sample preparation, only exclude the following 3 and nothing else:drying, washing and freezing for storage."
        *   *Wait, check the instruction again:* "Identify ALL the different pretreatments applied to the substrates... this includes potential treatments during substrate sample preparation, only exclude the following 3 and nothing else:drying, washing and freezing for storage."
        *   *Wait, check the instruction again:* "Identify ALL the different pretreatments applied to the substrates... this includes potential treatments during substrate sample preparation, only exclude the following 3 and nothing else:drying, washing and freezing for storage."
        *   *Wait, check the instruction again:* "Identify ALL the different pretreatments applied to the substrates... this includes potential treatments during substrate sample preparation, only exclude the following 3 and nothing else:drying, washing and freezing for storage."
        *   *Wait, check the instruction again:* "Identify ALL the different pretreatments applied to the substrates... this includes potential treatments during substrate sample preparation, only exclude the following 3 and nothing else:drying, washing and freezing for storage."
        *   *Wait, check the instruction again:* "Identify ALL the different pretreatments applied to the substrates... this includes potential treatments during substrate sample preparation, only exclude the following 3 and nothing else:drying, washing and freezing for storage."
        *   *Wait, check the instruction again:* "Identify ALL the different pretreatments applied to the substrates... this includes potential treatments during substrate sample preparation, only exclude the following 3 and nothing else:drying, washing and freezing for storage."
        *   *Wait, check the instruction again:* "Identify ALL the different pretreatments applied to the substrates... this includes potential treatments during substrate sample preparation, only exclude the following 3 and nothing else:drying, washing and freezing for storage."
        *   *Wait, check the instruction again:* "Identify ALL the different pretreatments applied to the substrates... this includes potential treatments during substrate sample preparation, only exclude the following 3 and nothing else:drying, washing and freezing for storage."
        *   *Wait, check the instruction again:* "Identify ALL the different pretreatments applied to the substrates... this includes potential treatments during substrate sample preparation, only exclude the following 3 and nothing else:drying, washing and freezing for storage."
        *   *Wait, check the instruction again:* "Identify ALL the different pretreatments applied to the substrates... this includes potential treatments during substrate sample preparation, only exclude the following 3 and nothing else:drying, washing and freezing for storage."
        *   *Wait, check the instruction again:* "Identify ALL the different pretreatments applied to the substrates... this includes potential treatments during substrate sample preparation, only exclude the following 3 and nothing else:drying, washing and freezing for storage."
        *   *Wait, check the instruction again:* "Identify ALL the different pretreatments applied to the substrates... this includes potential treatments during substrate sample preparation, only exclude the following 3 and nothing else:drying, washing and freezing for storage."
        *   *Wait, check the instruction again:* "Identify ALL the different pretreatments applied to the substrates... this includes potential treatments during substrate sample preparation, only exclude the following 3 and nothing else:drying, washing and freezing for storage."
        *   *Wait, check the instruction again:* "Identify ALL the different pretreatments applied to the substrates... this includes potential treatments during substrate sample preparation, only exclude the following 3 and nothing else:drying, washing and freezing for storage."
        *   *Wait, check the instruction again:* "Identify ALL the different pretreatments applied to the substrates... this includes potential treatments during substrate sample preparation, only exclude the following 3 and nothing else:drying, washing and freezing for storage."
        *   *Wait, check the instruction again:* "Identify ALL the different pretreatments applied to the substrates... this includes potential treatments during substrate sample preparation, only exclude the following 3 and nothing else:drying, washing and freezing for storage."
        *   *Wait, check the instruction again:* "Identify ALL the different pretreatments applied to the substrates... this includes potential treatments during substrate sample preparation, only exclude the following 3 and nothing else:drying, washing and freezing for storage."
        *   *Wait, check the instruction again:* "Identify ALL the different pretreatments applied to the substrates... this includes potential treatments during substrate sample preparation, only exclude the following 3 and nothing else:drying, washing and freezing for storage."
        *   *Wait, check the instruction again:* "Identify ALL the different pretreatments applied to the substrates... this includes potential treatments during substrate sample preparation, only exclude the following 3 and nothing else:drying, washing and freezing for storage."
        *   *Wait, check the instruction again:* "Identify ALL the different pretreatments applied to the substrates... this includes potential treatments during substrate sample preparation, only exclude the following 3 and nothing else:drying, washing and freezing for storage."
        *   *Wait, check the instruction again:* "Identify ALL the different pretreatments applied to the substrates... this includes potential treatments during substrate sample preparation, only exclude the following 3 and nothing else:drying, washing and freezing for storage."
        *   *Wait, check the instruction again:* "Identify ALL the different pretreatments applied to the substrates... this includes potential treatments during substrate sample preparation, only exclude the following 3 and nothing else:drying, washing and freezing for storage."
        *   *Wait, check the instruction again:* "Identify ALL the different pretreatments applied to the substrates... this includes potential treatments during substrate sample preparation, only exclude the following 3 and nothing else:drying, washing and freezing for storage."
        *   *Wait, check the instruction again:* "Identify ALL the different pretreatments applied to the substrates... this includes potential treatments during substrate sample preparation, only exclude the following 3 and nothing else:drying, washing and freezing for storage."
        *   *Wait, check the instruction again:* "Identify ALL the different pretreatments applied to the substrates... this includes potential treatments during substrate sample preparation, only exclude the following 3 and nothing else:drying, washing and freezing for storage."
        *   *Wait, check the instruction again:* "Identify ALL the different pretreatments applied to the substrates... this includes potential treatments during substrate sample preparation, only exclude the following 3 and nothing else:drying, washing and freezing for storage."
        *   *Wait, check the instruction again:* "Identify ALL the different pretreatments applied to the substrates... this includes potential treatments during substrate sample preparation, only exclude the following 3 and nothing else:drying, washing and freezing for storage."
        *   *Wait, check the instruction again:* "Identify ALL the different pretreatments applied to the substrates... this includes potential treatments during substrate sample preparation, only exclude the following 3 and nothing else:drying, washing and freezing for storage."
        *   *Wait, check the instruction again:* "Identify ALL the different pretreatments applied to the substrates... this includes potential treatments during substrate sample preparation, only exclude the following 3 and nothing else:drying, washing and freezing for storage."
        *   *Wait, check the instruction again:* "Identify ALL the different pretreatments applied to the substrates... this includes potential treatments during substrate sample preparation, only exclude the following 3 and nothing else:drying, washing and freezing for storage."
        *   *Wait, check the instruction again:* "Identify ALL the different pretreatments applied to the substrates... this includes potential treatments during substrate sample preparation, only exclude the following 3 and nothing else:drying, washing and freezing for storage."
        *   *Wait, check the instruction again:* "Identify ALL the different pretreatments applied to the substrates... this includes potential treatments during substrate sample preparation, only exclude the following 3 and nothing else:drying, washing and freezing for storage."
        *   *Wait, check the instruction again:* "Identify ALL the different pretreatments applied to the substrates... this includes potential treatments during substrate sample preparation, only exclude the following 3 and nothing else:drying, washing and freezing for storage."
        *   *Wait, check the instruction again:* "Identify ALL the different pretreatments applied to the substrates... this includes potential treatments during substrate sample preparation, only exclude the following 3 and nothing else:drying, washing and freezing for storage."
        *   *Wait, check the instruction again:* "Identify ALL the different pretreatments applied to the substrates... this includes potential treatments during substrate sample preparation, only exclude the following 3 and nothing else:drying, washing and freezing for storage."
        *   *Wait, check the instruction again:* "Identify ALL the different pretreatments applied to the substrates... this includes potential treatments during substrate sample preparation, only exclude the following 3 and nothing else:drying, washing and freezing for storage."
        *   *Wait, check the instruction again:* "Identify ALL the different pretreatments applied to the substrates... this includes potential treatments during substrate sample preparation, only exclude the following 3 and nothing else:drying, washing and freezing for storage."
        *   *Wait, check the instruction again:* "Identify ALL the different pretreatments applied to the substrates... this includes potential treatments during substrate sample preparation, only exclude the following 3 and nothing else:drying, washing and freezing for storage."
        *   *Wait, check the instruction again:* "Identify ALL the different pretreatments applied to the substrates... this includes potential treatments during substrate sample preparation, only exclude the following 3 and nothing else:drying, washing and freezing for storage."
        *   *Wait, check the instruction again:* "Identify ALL the different pretreatments applied to the substrates... this includes potential treatments during substrate sample preparation, only exclude the following 3 and nothing else:drying, washing and freezing for storage."
        *   *Wait, check the instruction again:* "Identify ALL the different pretreatments applied to the substrates... this includes potential treatments during substrate sample preparation, only exclude the following 3 and nothing else:drying, washing and freezing for storage."
        *   *Wait, check the instruction again:* "Identify ALL the different pretreatments applied to the substrates... this includes potential treatments during substrate sample preparation, only exclude the following 3 and nothing else:drying, washing and freezing for storage."
        *   *Wait, check the instruction again:* "Identify ALL the different pretreatments applied to the substrates... this includes potential treatments during substrate sample preparation, only exclude the following 3 and nothing else:drying, washing and freezing for storage."
        *   *Wait, check the instruction again:* "Identify ALL the different pretreatments applied to the substrates... this includes potential treatments during substrate sample preparation, only exclude the following 3 and nothing else:drying, washing and freezing for storage."
        *   *Wait, check the instruction again:* "Identify ALL the different pretreatments applied to the substrates... this includes potential treatments during substrate sample preparation, only exclude the following 3 and nothing else:drying, washing and freezing for storage."
        *   *Wait, check the instruction again:* "Identify ALL the different pretreatments applied to the substrates... this includes potential treatments during substrate sample preparation, only exclude the following 3 and nothing else:drying, washing and freezing for storage."
        *   *Wait, check the instruction again:* "Identify ALL the different pretreatments applied to the substrates... this includes potential treatments during substrate sample preparation, only exclude the following 3 and nothing else:drying, washing and freezing for storage."
        *   *Wait, check the instruction again:* "Identify ALL the different pretreatments applied to the substrates... this includes potential treatments during substrate sample preparation, only exclude the following 3 and nothing else:drying, washing and freezing for storage."
        *   *Wait, check the instruction again:* "Identify ALL the different pretreatments applied to the substrates... this includes potential treatments during substrate sample preparation, only exclude the following 3 and nothing else:drying, washing and freezing for storage."
        *   *Wait, check the instruction again:* "Identify ALL the different pretreatments applied to the substrates... this includes potential treatments during substrate sample preparation, only exclude the following 3 and nothing else:drying, washing and freezing for storage."
        *   *Wait, check the instruction again:* "Identify ALL the different pretreatments applied to the substrates... this includes potential treatments during substrate sample preparation, only exclude the following 3 and nothing else:drying, washing and freezing for storage."
        *   *Wait, check the instruction again:* "Identify ALL the different pretreatments applied to the substrates... this includes potential treatments during substrate sample preparation, only exclude the following 3 and nothing else:drying, washing and freezing for storage."
        *   *Wait, check the instruction again:* "Identify ALL the different pretreatments applied to the substrates... this includes potential treatments during substrate sample preparation, only exclude the following 3 and nothing else:drying, washing and freezing for storage."
        *   *Wait, check the instruction again:* "Identify ALL the different pretreatments applied to the substrates... this includes potential treatments during substrate sample preparation, only exclude the following 3 and nothing else:drying, washing and freezing for storage."
        *   *Wait, check the instruction again:* "Identify ALL the different pretreatments applied to the substrates... this includes potential treatments during substrate sample preparation, only exclude the following 3 and nothing else:drying, washing and freezing for storage."
        *   *Wait, check the instruction again:* "Identify ALL the different pretreatments applied to the substrates... this includes potential treatments during substrate sample preparation, only exclude the following 3 and nothing else:drying, washing and freezing for storage."
        *   *Wait, check the instruction again:* "Identify ALL the different pretreatments applied to the substrates... this includes potential treatments during substrate sample preparation, only exclude the following 3 and nothing else:drying, washing and freezing for storage."
        *   *Wait, check the instruction again:* "Identify ALL the different pretreatments applied to the substrates... this includes potential treatments during substrate sample preparation, only exclude the following 3 and nothing else:drying, washing and freezing for storage."
        *   *Wait, check the instruction again:* "Identify ALL the different pretreatments applied to the substrates... this includes potential treatments during substrate sample preparation, only exclude the following 3 and nothing else:drying, washing and freezing for storage."
        *   *Wait, check the instruction again:* "Identify ALL the different pretreatments applied to the substrates... this includes potential treatments during substrate sample preparation, only exclude the following 3 and nothing else:drying, washing and freezing for storage."
        *   *Wait, check the instruction again:* "Identify ALL the different pretreatments applied to the substrates... this includes potential treatments during substrate sample preparation, only exclude the following 3 and nothing else:drying, washing and freezing for storage."
        *   *Wait, check the instruction again:* "Identify ALL the different pretreatments applied to the substrates... this includes potential treatments during substrate sample preparation, only exclude the following 3 and nothing else:drying, washing and freezing for storage."
        *   *Wait, check the instruction again:* "Identify ALL the different pretreatments applied to the substrates... this includes potential treatments during substrate sample preparation, only exclude the following 3 and nothing else:drying, washing and freezing for storage."
        *   *Wait, check the instruction again:* "Identify ALL the different pretreatments applied to the substrates... this includes potential treatments during substrate sample preparation, only exclude the following 3 and nothing else:drying, washing and freezing for storage."
        *   *Wait, check the instruction again:* "Identify ALL the different pretreatments applied to the substrates... this includes potential treatments during substrate sample preparation, only exclude the following 3 and nothing else:drying, washing and freezing for storage."
        *   *Wait, check the instruction again:* "Identify ALL the different pretreatments applied to the substrates... this includes potential treatments during substrate sample preparation, only exclude the following 3 and nothing else:drying, washing and freezing for storage."
        *   *Wait, check the instruction again:* "Identify ALL the different pretreatments applied to the substrates... this includes potential treatments during substrate sample preparation, only exclude the following 3 and nothing else:drying, washing and freezing for storage."
        *   *Wait, check the instruction again:* "Identify ALL the different pretreatments applied to the substrates... this includes potential treatments during substrate sample preparation, only exclude the following 3 and nothing else:drying, washing and freezing for storage."
        *   *Wait, check the instruction again:* "Identify ALL the different pretreatments applied to the substrates... this includes potential treatments during substrate sample preparation, only exclude the following 3 and nothing else:drying, washing and freezing for storage."
        *   *Wait, check the instruction again:* "Identify ALL the different pretreatments applied to the substrates... this includes potential treatments during substrate sample preparation, only exclude the following 3 and nothing else:drying, washing and freezing for storage."
        *   *Wait, check the instruction again:* "Identify ALL the different pretreatments applied to the substrates... this includes potential treatments during substrate sample preparation, only exclude the following 3 and nothing else:drying, washing and freezing for storage."
        *   *Wait, check the instruction again:* "Identify ALL the different pretreatments applied to the substrates... this includes potential treatments during substrate sample preparation, only exclude the following 3 and nothing else:drying, washing and freezing for storage."
        *   *Wait, check the instruction again:* "Identify ALL the different pretreatments applied to the substrates... this includes potential treatments during substrate sample preparation, only exclude the following 3 and nothing else:drying, washing and freezing for storage."
        *   *Wait, check the instruction again:* "Identify ALL the different pretreatments applied to the substrates... this includes potential treatments during substrate sample preparation, only exclude the following 3 and nothing else:drying, washing and freezing for storage."
        *   *Wait, check the instruction again:* "Identify ALL the different pretreatments applied to the substrates... this includes potential treatments during substrate sample preparation, only exclude the following 3 and nothing else:drying, washing and freezing for storage."
        *   *Wait, check the instruction again:* "Identify ALL the different pretreatments applied to the substrates... this includes potential treatments during substrate sample preparation, only exclude the following 3 and nothing else:drying, washing and freezing for storage."
        *   *Wait, check the instruction again:* "Identify ALL the different pretreatments applied to the substrates... this includes potential treatments during substrate sample preparation, only exclude the following 3 and nothing else:drying, washing and freezing for storage."
        *   *Wait, check the instruction again:* "Identify ALL the different pretreatments applied to the substrates... this includes potential treatments during substrate sample preparation, only exclude the following 3 and nothing else:drying, washing and freezing for storage."
        *   *Wait, check the instruction again:* "Identify ALL the different pretreatments applied to the substrates... this includes potential treatments during substrate sample preparation, only exclude the following 3 and nothing else:drying, washing and freezing for storage."
        *   *Wait, check the instruction again:* "Identify ALL the different pretreatments applied to the substrates... this includes potential treatments during substrate sample preparation, only exclude the following 3 and nothing else:drying, washing and freezing for storage."
        *   *Wait, check the instruction again:* "Identify ALL the different pretreatments applied to the substrates... this includes potential treatments during substrate sample preparation, only exclude the following 3 and nothing else:drying, washing and freezing for storage."
        *   *Wait, check the instruction again:* "Identify ALL the different pretreatments applied to the substrates... this includes potential treatments during substrate sample preparation, only exclude the following 3 and nothing else:drying, washing and freezing for storage."
        *   *Wait, check the instruction again:* "Identify ALL the different pretreatments applied to the substrates... this includes potential treatments during substrate sample preparation, only exclude the following 3 and nothing else:drying, washing and freezing for storage."
        *   *Wait, check the instruction again:* "Identify ALL the different pretreatments applied to the substrates... this includes potential treatments during substrate sample preparation, only exclude the following 3 and nothing else:drying, washing and freezing for storage."
        *   *Wait, check the instruction again:* "Identify ALL the different pretreatments applied to the substrates... this includes potential treatments during substrate sample preparation, only exclude the following 3 and nothing else:drying, washing and freezing for storage."
        *   *Wait, check the instruction again:* "Identify ALL the different pretreatments applied to the substrates... this includes potential treatments during substrate sample preparation, only exclude the following 3 and nothing else:drying, washing and freezing for storage."
        *   *Wait, check the instruction again:* "Identify ALL the different pretreatments applied to the substrates... this includes potential treatments during substrate sample preparation, only exclude the following 3 and nothing else:drying, washing and freezing for storage."
        *   *Wait, check the instruction again:* "Identify ALL the different pretreatments applied to the substrates... this includes potential treatments during substrate sample preparation, only exclude the following 3 and nothing else:drying, washing and freezing for storage."
        *   *Wait, check the instruction again:* "Identify ALL the different pretreatments applied to the substrates... this includes potential treatments during substrate sample preparation, only exclude the following 3 and nothing else:drying, washing and freezing for storage."
        *   *Wait, check the instruction again:* "Identify ALL the different pretreatments applied to the substrates... this includes potential treatments during substrate sample preparation, only exclude the following 3 and nothing else:drying, washing and freezing for storage."
        *   *Wait, check the instruction again:* "Identify ALL the different pretreatments applied to the substrates... this includes potential treatments during substrate sample preparation, only exclude the following 3 and nothing else:drying, washing and freezing for storage."
        *   *Wait, check the instruction again:* "Identify ALL the different pretreatments applied to the substrates... this includes potential treatments during substrate sample preparation, only exclude the following 3 and nothing else:drying, washing and freezing for storage."
        *   *Wait, check the instruction again:* "Identify ALL the different pretreatments applied to the substrates... this includes potential treatments during substrate sample preparation, only exclude the following 3 and nothing else:drying, washing and freezing for storage."
        *   *Wait, check the instruction again:* "Identify ALL the different pretreatments applied to the substrates... this includes potential treatments during substrate sample preparation, only exclude the following 3 and nothing else:drying, washing and freezing for storage."
        *   *Wait, check the instruction again:* "Identify ALL the different pretreatments applied to the substrates... this includes potential treatments during substrate sample preparation, only exclude the following 3 and nothing else:drying, washing and freezing for storage."
        *   *Wait, check the instruction again:* "Identify ALL the different pretreatments applied to the substrates... this includes potential treatments during substrate sample preparation, only exclude the following 3 and nothing else:drying, washing and freezing for storage."
        *   *Wait, check the instruction again:* "Identify ALL the different pretreatments applied to the substrates... this includes potential treatments during substrate sample preparation, only exclude the following 3 and nothing else:drying, washing and freezing for storage."
        *   *Wait, check the instruction again:* "Identify ALL the different pretreatments applied to the substrates... this includes potential treatments during substrate sample preparation, only exclude the following 3 and nothing else:drying, washing and freezing for storage."
        *   *Wait, check the instruction again:* "Identify ALL the different pretreatments applied to the substrates... this includes potential treatments during substrate sample preparation, only exclude the following 3 and nothing else:drying, washing and freezing for storage."
        *   *Wait, check the instruction again:* "Identify ALL the different pretreatments applied to the substrates... this includes potential treatments during substrate sample preparation, only exclude the following 3 and nothing else:drying, washing and freezing for storage."
        *   *Wait, check the instruction again:* "Identify ALL the different pretreatments applied to the substrates... this includes potential treatments during substrate sample preparation, only exclude the following 3 and nothing else:drying, washing and freezing for storage."
        *   *Wait, check the instruction again:* "Identify ALL the different pretreatments applied to the substrates... this includes potential treatments during substrate sample preparation, only exclude the following 3 and nothing else:drying, washing and freezing for storage."
        *   *Wait, check the instruction again:* "Identify ALL the different pretreatments applied to the substrates... this includes potential treatments during substrate sample preparation, only exclude the following 3 and nothing else:drying, washing and freezing for storage."
        *   *Wait, check the instruction again:* "Identify ALL the different pretreatments applied to the substrates... this includes potential treatments during substrate sample preparation, only exclude the following 3 and nothing else:drying, washing and freezing for storage."
        *   *Wait, check the instruction again:* "Identify ALL the different pretreatments applied to the substrates... this includes potential treatments during substrate sample preparation, only exclude the following 3 and nothing else:drying, washing and freezing for storage."
        *   *Wait, check the instruction again:* "Identify ALL the different pretreatments applied to the substrates... this includes potential treatments during substrate sample preparation, only exclude the following 3 and nothing else:drying, washing and freezing for storage."
        *   *Wait, check the instruction again:* "Identify ALL the different pretreatments applied to the substrates... this includes potential treatments during substrate sample preparation, only exclude the following 3 and nothing else:drying, washing and freezing for storage."
        *   *Wait, check the instruction again:* "Identify ALL the different pretreatments applied to the substrates... this includes potential treatments during substrate sample preparation, only exclude the following 3 and nothing else:drying, washing and freezing for storage."
        *   *Wait, check the instruction again:* "Identify ALL the different pretreatments applied to the substrates... this includes potential treatments during substrate sample preparation, only exclude the following 3 and nothing else:drying, washing and freezing for storage."
        *   *Wait, check the instruction again:* "Identify ALL the different pretreatments applied to the substrates... this includes potential treatments during substrate sample preparation, only exclude the following 3 and nothing else:drying, washing and freezing for storage."
        *   *Wait, check the instruction again:* "Identify ALL the different pretreatments applied to the substrates... this includes potential treatments during substrate sample preparation, only exclude the following 3 and nothing else:drying, washing and freezing for storage."
        *   *Wait, check the instruction again:* "Identify ALL the different pretreatments applied to the substrates... this includes potential treatments during substrate sample preparation, only exclude the following 3 and nothing else:drying, washing and freezing for storage."
        *   *Wait, check the instruction again:* "Identify ALL the different pretreatments applied to the substrates... this includes potential treatments during substrate sample preparation, only exclude the following 3 and nothing else:drying, washing and freezing for storage."
        *   *Wait, check the instruction again:* "Identify ALL the different pretreatments applied to the substrates... this includes potential treatments during substrate sample preparation, only exclude the following 3 and nothing else:drying, washing and freezing for storage."
        *   *Wait, check the instruction again:* "Identify ALL the different pretreatments applied to the substrates... this includes potential treatments during substrate sample preparation, only exclude the following 3 and nothing else:drying, washing and freezing for storage."
        *   *Wait, check the instruction again:* "Identify ALL the different pretreatments applied to the substrates... this includes potential treatments during substrate sample preparation, only exclude the following 3 and nothing else:drying, washing and freezing for storage."
        *   *Wait, check the instruction again:* "Identify ALL the different pretreatments applied to the substrates... this includes potential treatments during substrate sample preparation, only exclude the following 3 and nothing else:drying, washing and freezing for storage."
        *   *Wait, check the instruction again:* "Identify ALL the different pretreatments applied to the substrates... this includes potential treatments during substrate sample preparation, only exclude the following 3 and nothing else:drying, washing and freezing for storage."
        *   *Wait, check the instruction again:* "Identify ALL the different pretreatments applied to the substrates... this includes potential treatments during substrate sample preparation, only exclude the following 3 and nothing else:drying, washing and freezing for storage."
        *   *Wait, check the instruction again:* "Identify ALL the different pretreatments applied to the substrates... this includes potential treatments during substrate sample preparation, only exclude the following 3 and nothing else:drying, washing and freezing for storage."
        *   *Wait, check the instruction again:* "Identify ALL the different pretreatments applied to the substrates... this includes potential treatments during substrate sample preparation, only exclude the following 3 and nothing else:drying, washing and freezing for storage."
        *   *Wait, check the instruction again:* "Identify ALL the different pretreatments applied to the substrates... this includes potential treatments during substrate sample preparation, only exclude the following 3 and nothing else:drying, washing and freezing for storage."
        *   *Wait, check the instruction again:* "Identify ALL the different pretreatments applied to the substrates... this includes potential treatments during substrate sample preparation, only exclude the following 3 and nothing else:drying, washing and freezing for storage."
        *   *Wait, check the instruction again:* "Identify ALL the different pretreatments applied to the substrates... this includes potential treatments during substrate sample preparation, only exclude the following 3 and nothing else:drying, washing and freezing for storage."
        *   *Wait, check the instruction again:* "Identify ALL the different pretreatments applied to the substrates... this includes potential treatments during substrate sample preparation, only exclude the following 3 and nothing else:drying, washing and freezing for storage."
        *   *Wait, check the instruction again:* "Identify ALL the different pretreatments applied to the substrates... this includes potential treatments during substrate sample preparation, only exclude the following 3 and nothing else:drying, washing and freezing for storage."
        *   *Wait, check the instruction again:* "Identify ALL the different pretreatments applied to the substrates... this includes potential treatments during substrate sample preparation, only exclude the following 3 and nothing else:drying, washing and freezing for storage."
        *   *Wait, check the instruction again:* "Identify ALL the different pretreatments applied to the substrates... this includes potential treatments during substrate sample preparation, only exclude the following 3 and nothing else:drying, washing and freezing for storage."
        *   *Wait, check the instruction again:* "Identify ALL the different pretreatments applied to the substrates... this includes potential treatments during substrate sample preparation, only exclude the following 3 and nothing else:drying, washing and freezing for storage."
        *   *Wait, check the instruction again:* "Identify ALL the different pretreatments applied to the substrates... this includes potential treatments during substrate sample preparation, only exclude the following 3 and nothing else:drying, washing and freezing for storage."
        *   *Wait, check the instruction again:* "Identify ALL the different pretreatments applied to the substrates... this includes potential treatments during substrate sample preparation, only exclude the following 3 and nothing else:drying, washing and freezing for storage."
        *   *Wait, check the instruction again:* "Identify ALL the different pretreatments applied to the substrates... this includes potential treatments during substrate sample preparation, only exclude the following 3 and nothing else:drying, washing and freezing for storage."
        *   *Wait, check the instruction again:* "Identify ALL the different pretreatments applied to the substrates... this includes potential treatments during substrate sample preparation, only exclude the following 3 and nothing else:drying, washing and freezing for storage."
        *   *Wait, check the instruction again:* "Identify ALL the different pretreatments applied to the substrates... this includes potential treatments during substrate sample preparation, only exclude the following 3 and nothing else:drying, washing and freezing for storage."
        *   *Wait, check the instruction again:* "Identify ALL the different pretreatments applied to the substrates... this includes potential treatments during substrate sample preparation, only exclude the following 3 and nothing else:drying, washing and freezing for storage."
        *   *Wait, check the instruction again:* "Identify ALL the different pretreatments applied to the substrates... this includes potential treatments during substrate sample preparation, only exclude the following 3 and nothing else:drying, washing and freezing for storage."
        *   *Wait, check the instruction again:* "Identify ALL the different pretreatments applied to the substrates... this includes potential treatments during substrate sample preparation, only exclude the following 3 and nothing else:drying, washing and freezing for storage."
        *   *Wait, check the instruction again:* "Identify ALL the different pretreatments applied to the substrates... this includes potential treatments during substrate sample preparation, only exclude the following 3 and nothing else:drying, washing and freezing for storage."
        *   *Wait, check the instruction again:* "Identify ALL the different pretreatments applied to the substrates... this includes potential treatments during substrate sample preparation, only exclude the following 3 and nothing else:drying, washing and freezing for storage."
        *   *Wait, check the instruction again:* "Identify ALL the different pretreatments applied to the substrates... this includes potential treatments during substrate sample preparation, only exclude the following 3 and nothing else:drying, washing and freezing for storage."
        *   *Wait, check the instruction again:* "Identify ALL the different pretreatments applied to the substrates... this includes potential treatments during substrate sample preparation, only exclude the following 3 and nothing else:drying, washing and freezing for storage."
        *   *Wait, check the instruction again:* "Identify ALL the different pretreatments applied to the substrates... this includes potential treatments during substrate sample preparation, only exclude the following 3 and nothing else:drying, washing and freezing for storage."
        *   *Wait, check the instruction again:* "Identify ALL the different pretreatments applied to the substrates... this includes potential treatments during substrate sample preparation, only exclude the following 3 and nothing else:drying, washing and freezing for storage."
        *   *Wait, check the instruction again:* "Identify ALL the different pretreatments applied to the substrates... this includes potential treatments during substrate sample preparation, only exclude the following 3 and nothing else:drying, washing and freezing for storage."
        *   *Wait, check the instruction again:* "Identify ALL the different pretreatments applied to the substrates... this includes potential treatments during substrate sample preparation, only exclude the following 3 and nothing else:drying, washing and freezing for storage."
        *   *Wait, check the instruction again:* "Identify ALL the different pretreatments applied to the substrates... this includes potential treatments during substrate sample preparation, only exclude the following 3 and nothing else:drying, washing and freezing for storage."
        *   *Wait, check the instruction again:* "Identify ALL the different pretreatments applied to the substrates... this includes potential treatments during substrate sample preparation, only exclude the following 3 and nothing else:drying, washing and freezing for storage."
        *   *Wait, check the instruction again:* "Identify ALL the different pretreatments applied to the substrates... this includes potential treatments during substrate sample preparation, only exclude the following 3 and nothing else:drying, washing and freezing for storage."
        *   *Wait, check the instruction again:* "Identify ALL the different pretreatments applied to the substrates... this includes potential treatments during substrate sample preparation, only exclude the following 3 and nothing else:drying, washing and freezing for storage."
        *   *Wait, check the instruction again:* "Identify ALL the different pretreatments applied to the substrates... this includes potential treatments during substrate sample preparation, only exclude the following 3 and nothing else:drying, washing and freezing for storage."
        *   *Wait, check the instruction again:* "Identify ALL the different pretreatments applied to the substrates... this includes potential treatments during substrate sample preparation, only exclude the following 3 and nothing else:drying, washing and freezing for storage."
        *   *Wait, check the instruction again:* "Identify ALL the different pretreatments applied to the substrates... this includes potential treatments during substrate sample preparation, only exclude the following 3 and nothing else:drying, washing and freezing for storage."
        *   *Wait, check the instruction again:* "Identify ALL the different pretreatments applied to the substrates... this includes potential treatments during substrate sample preparation, only exclude the following 3 and nothing else:drying, washing and freezing for storage."
        *   *Wait, check the instruction again:* "Identify ALL the different pretreatments applied to the substrates... this includes potential treatments during substrate sample preparation, only exclude the following 3 and nothing else:drying, washing and freezing for storage."
        *   *Wait, check the instruction again:* "Identify ALL the different pretreatments applied to the substrates... this includes potential treatments during substrate sample preparation, only exclude the following 3 and nothing else:drying, washing and freezing for storage."
        *   *Wait, check the instruction again:* "Identify ALL the different pretreatments applied to the substrates... this includes potential treatments during substrate sample preparation, only exclude the following 3 and nothing else:drying, washing and freezing for storage."
        *   *Wait, check the instruction again:* "Identify ALL the different pretreatments applied to the substrates... this includes potential treatments during substrate sample preparation, only exclude the following 3 and nothing else:drying, washing and freezing for storage."
        *   *Wait, check the instruction again:* "Identify ALL the different pretreatments applied to the substrates... this includes potential treatments during substrate sample preparation, only exclude the following 3 and nothing else:drying, washing and freezing for storage."
        *   *Wait, check the instruction again:* "Identify ALL the different pretreatments applied to the substrates... this includes potential treatments during substrate sample preparation, only exclude the following 3 and nothing else:drying, washing and freezing for storage."
        *   *Wait, check the instruction again:* "Identify ALL the different pretreatments applied to the substrates... this includes potential treatments during substrate sample preparation, only exclude the following 3 and nothing else:drying, washing and freezing for storage."
        *   *Wait, check the instruction again:* "Identify ALL the different pretreatments applied to the substrates... this includes potential treatments during substrate sample preparation, only exclude the following 3 and nothing else:drying, washing and freezing for storage."
        *   *Wait, check the instruction again:* "Identify ALL the different pretreatments applied to the substrates... this includes potential treatments during substrate sample preparation, only exclude the following 3 and nothing else:drying, washing and freezing for storage."
        *   *Wait, check the instruction again:* "Identify ALL the different pretreatments applied to the substrates... this includes potential treatments during substrate sample preparation, only exclude the following 3 and nothing else:drying, washing and freezing for storage."
        *   *Wait, check the instruction again:* "Identify ALL the different pretreatments applied to the substrates... this includes potential treatments during substrate sample preparation, only exclude the following 3 and nothing else:drying, washing and freezing for storage."
        *   *Wait, check the instruction again:* "Identify ALL the different pretreatments applied to the substrates... this includes potential treatments during substrate sample preparation, only exclude the following 3 and nothing else:drying, washing and freezing for storage."
        *   *Wait, check the instruction again:* "Identify ALL the different pretreatments applied to the substrates... this includes potential treatments during substrate sample preparation, only exclude the following 3 and nothing else:drying, washing and freezing for storage."
        *   *Wait, check the instruction again:* "Identify ALL the different pretreatments applied to the substrates... this includes potential treatments during substrate sample preparation, only exclude the following 3 and nothing else:drying, washing and freezing for storage."
        *   *Wait, check the instruction again:* "Identify ALL the different pretreatments applied to the substrates... this includes potential treatments during substrate sample preparation, only exclude the following 3 and nothing else:drying, washing and freezing for storage."
        *   *Wait, check the instruction again:* "Identify ALL the different pretreatments applied to the substrates... this includes potential treatments during substrate sample preparation, only exclude the following 3 and nothing else:drying, washing and freezing for storage."
        *   *Wait, check the instruction again:* "Identify ALL the different pretreatments applied to the substrates... this includes potential treatments during substrate sample preparation, only exclude the following 3 and nothing else:drying, washing and freezing for storage."
        *   *Wait, check the instruction again:* "Identify ALL the different pretreatments applied to the substrates... this includes potential treatments during substrate sample preparation, only exclude the following 3 and nothing else:drying, washing and freezing for storage."
        *   *Wait, check the instruction again:* "Identify ALL the different pretreatments applied to the substrates... this includes potential treatments during substrate sample preparation, only exclude the following 3 and nothing else:drying, washing and freezing for storage."
        *   *Wait, check the instruction again:* "Identify ALL the different pretreatments applied to the substrates... this includes potential treatments during substrate sample preparation, only exclude the following 3 and nothing else:drying, washing and freezing for storage."
        *   *Wait, check the instruction again:* "Identify ALL the different pretreatments applied to the substrates... this includes potential treatments during substrate sample preparation, only exclude the following 3 and nothing else:drying, washing and freezing for storage."
        *   *Wait, check the instruction again:* "Identify ALL the different pretreatments applied to the substrates... this includes potential treatments during substrate sample preparation, only exclude the following 3 and nothing else:drying, washing and freezing for storage."
        *   *Wait, check the instruction again:* "Identify ALL the different pretreatments applied to the substrates... this includes potential treatments during substrate sample preparation, only exclude the following 3 and nothing else:drying, washing and freezing for storage."
        *   *Wait, check the instruction again:* "Identify ALL the different pretreatments applied to the substrates... this includes potential treatments during substrate sample preparation, only exclude the following 3 and nothing else:drying, washing and freezing for storage."
        *   *Wait, check the instruction again:* "Identify ALL the different pretreatments applied to the substrates... this includes potential treatments during substrate sample preparation, only exclude the following 3 and nothing else:drying, washing and freezing for storage."
        *   *Wait, check the instruction again:* "Identify ALL the different pretreatments applied to the substrates... this includes potential treatments during substrate sample preparation, only exclude the following 3 and nothing else:drying, washing and freezing for storage."
        *   *Wait, check the instruction again:* "Identify ALL the different pretreatments applied to the substrates... this includes potential treatments during substrate sample preparation, only exclude the following 3 and nothing else:drying, washing and freezing for storage."
        *   *Wait, check the instruction again:* "Identify ALL the different pretreatments applied to the substrates... this includes potential treatments during substrate sample preparation, only exclude the following 3 and nothing else:drying, washing and freezing for storage."
        *   *Wait, check the instruction again:* "Identify ALL the different pretreatments applied to the substrates... this includes potential treatments during substrate sample preparation, only exclude the following 3 and nothing else:drying, washing and freezing for storage."
        *   *Wait, check the instruction again:* "Identify ALL the different pretreatments applied to the substrates... this includes potential treatments during substrate sample preparation, only exclude the following 3 and nothing else:drying, washing and freezing for storage."
        *   *Wait, check the instruction again:* "Identify ALL the different pretreatments applied to the substrates... this includes potential treatments during substrate sample preparation, only exclude the following 3 and nothing else:drying, washing and freezing for storage."
        *   *Wait, check the instruction again:* "Identify ALL the different pretreatments applied to the substrates... this includes potential treatments during substrate sample preparation, only exclude the following 3 and nothing else:drying, washing and freezing for storage."
        *   *Wait, check the instruction again:* "Identify ALL the different pretreatments applied to the substrates... this includes potential treatments during substrate sample preparation, only exclude the following 3 and nothing else:drying, washing and freezing for storage."
        *   *Wait, check the instruction again:* "Identify ALL the different pretreatments applied to the substrates... this includes potential treatments during substrate sample preparation, only exclude the following 3 and nothing else:drying, washing and freezing for storage."
        *   *Wait, check the instruction again:* "Identify ALL the different pretreatments applied to the substrates... this includes potential treatments during substrate sample preparation, only exclude the following 3 and nothing else:drying, washing and freezing for storage."
        *   *Wait, check the instruction again:* "Identify ALL the different pretreatments applied to the substrates... this includes potential treatments during substrate sample preparation, only exclude the following 3 and nothing else:drying, washing and freezing for storage."
        *   *Wait, check the instruction again:* "Identify ALL the different pretreatments applied to the substrates... this includes potential treatments during substrate sample preparation, only exclude the following 3 and nothing else:drying, washing and freezing for storage."
        *   *Wait, check the instruction again:* "Identify ALL the different pretreatments applied to the substrates... this includes potential treatments during substrate sample preparation, only exclude the following 3 and nothing else:drying, washing and freezing for storage."
        *   *Wait, check the instruction again:* "Identify ALL the different pretreatments applied to the substrates... this includes potential treatments during substrate sample preparation, only exclude the following 3 and nothing else:drying, washing and freezing for storage."
        *   *Wait, check the instruction again:* "Identify ALL the different pretreatments applied to the substrates... this includes potential treatments during substrate sample preparation, only exclude the following 3 and nothing else:drying, washing and freezing for storage."
        *   *Wait, check the instruction again:* "Identify ALL the different pretreatments applied to the substrates... this includes potential treatments during substrate sample preparation, only exclude the following 3 and nothing else:drying, washing and freezing for storage."
        *   *Wait, check the instruction again:* "Identify ALL the different pretreatments applied to the substrates... this includes potential treatments during substrate sample preparation, only exclude the following 3 and nothing else:drying, washing and freezing for storage."
        *   *Wait, check the instruction again:* "Identify ALL the different pretreatments applied to the substrates... this includes potential treatments during substrate sample preparation, only exclude the following 3 and nothing else:drying, washing and freezing for storage."
        *   *Wait, check the instruction again:* "Identify ALL the different pretreatments applied to the substrates... this includes potential treatments during substrate sample preparation, only exclude the following 3 and nothing else:drying, washing and freezing for storage."
        *   *Wait, check the instruction again:* "Identify ALL the different pretreatments applied to the substrates... this includes potential treatments during substrate sample preparation, only exclude the following 3 and nothing else:drying, washing and freezing for storage."
        *   *Wait, check the instruction again:* "Identify ALL the different pretreatments applied to the substrates... this includes potential treatments during substrate sample preparation, only exclude the following 3 and nothing else:drying, washing and freezing for storage."
        *   *Wait, check the instruction again:* "Identify ALL the different pretreatments applied to the substrates... this includes potential treatments during substrate sample preparation, only exclude the following 3 and nothing else:drying, washing and freezing for storage."
        *   *Wait, check the instruction again:* "Identify ALL the different pretreatments applied to the substrates... this includes potential treatments during substrate sample preparation, only exclude the following 3 and nothing else:drying, washing and freezing for storage."
        *   *Wait, check the instruction again:* "Identify ALL the different pretreatments applied to the substrates... this includes potential treatments during substrate sample preparation, only exclude the following 3 and nothing else:drying, washing and freezing for storage."
        *   *Wait, check the instruction again:* "Identify ALL the different pretreatments applied to the substrates... this includes potential treatments during substrate sample preparation, only exclude the following 3 and nothing else:drying, washing and freezing for storage."
        *   *Wait, check the instruction again:* "Identify ALL the different pretreatments applied to the substrates... this includes potential treatments during substrate sample preparation, only exclude the following 3 and nothing else:drying, washing and freezing for storage."
        *   *Wait, check the instruction again:* "Identify ALL the different pretreatments applied to the substrates... this includes potential treatments during substrate sample preparation, only exclude the following 3 and nothing else:drying, washing and freezing for storage."
        *   *Wait, check the instruction again:* "Identify ALL the different pretreatments applied to the substrates... this includes potential treatments during substrate sample preparation, only exclude the following 3 and nothing else:drying, washing and freezing for storage."
        *   *Wait, check the instruction again:* "Identify ALL the different pretreatments applied to the substrates... this includes potential treatments during substrate sample preparation, only exclude the following 3 and nothing else:drying, washing and freezing for storage."
        *   *Wait, check the instruction again:* "Identify ALL the different pretreatments applied to the substrates... this includes potential treatments during substrate sample preparation, only exclude the following 3 and nothing else:drying, washing and freezing for storage."
        *   *Wait, check the instruction again:* "Identify ALL the different pretreatments applied to the substrates... this includes potential treatments during substrate sample preparation, only exclude the following 3 and nothing else:drying, washing and freezing for storage."
        *   *Wait, check the instruction again:* "Identify ALL the different pretreatments applied to the substrates... this includes potential treatments during substrate sample preparation, only exclude the following 3 and nothing else:drying, washing and freezing for storage."
        *   *Wait, check the instruction again:* "Identify ALL the different pretreatments applied to the substrates... this includes potential treatments during substrate sample preparation, only exclude the following 3 and nothing else:drying, washing and freezing for storage."
        *   *Wait, check the instruction again:* "Identify ALL the different pretreatments applied to the substrates... this includes potential treatments during substrate sample preparation, only exclude the following 3 and nothing else:drying, washing and freezing for storage."
        *   *Wait, check the instruction again:* "Identify ALL the different pretreatments applied to the substrates... this includes potential treatments during substrate sample preparation, only exclude the following 3 and nothing else:drying, washing and freezing for storage."
        *   *Wait, check the instruction again:* "Identify ALL the different pretreatments applied to the substrates... this includes potential treatments during substrate sample preparation, only exclude the following 3 and nothing else:drying, washing and freezing for storage."
        *   *Wait, check the instruction again:* "Identify ALL the different pretreatments applied to the substrates... this includes potential treatments during substrate sample preparation, only exclude the following 3 and nothing else:drying, washing and freezing for storage."
        *   *Wait, check the instruction again:* "Identify ALL the different pretreatments applied to the substrates... this includes potential treatments during substrate sample preparation, only exclude the following 3 and nothing else:drying, washing and freezing for storage."
        *   *Wait, check the instruction again:* "Identify ALL the different pretreatments applied to the substrates... this includes potential treatments during substrate sample preparation, only exclude the following 3 and nothing else:drying, washing and freezing for storage."
        *   *Wait, check the instruction again:* "Identify ALL the different pretreatments applied to the substrates... this includes potential treatments during substrate sample preparation, only exclude the following 3 and nothing else:drying, washing and freezing for storage."
        *   *Wait, check the instruction again:* "Identify ALL the different pretreatments applied to the substrates... this includes potential treatments during substrate sample preparation, only exclude the following 3 and nothing else:drying, washing and freezing for storage."
        *   *Wait, check the instruction again:* "Identify ALL the different pretreatments applied to the substrates... this includes potential treatments during substrate sample preparation, only exclude the following 3 and nothing else:drying, washing and freezing for storage."
        *   *Wait, check the instruction again:* "Identify ALL the different pretreatments applied to the substrates... this includes potential treatments during substrate sample preparation, only exclude the following 3 and nothing else:drying, washing and freezing for storage."
        *   *Wait, check the instruction again:* "Identify ALL the different pretreatments applied to the substrates... this includes potential treatments during substrate sample preparation, only exclude the following 3 and nothing else:drying, washing and freezing for storage."
        *   *Wait, check the instruction again:* "Identify ALL the different pretreatments applied to the substrates... this includes potential treatments during substrate sample preparation, only exclude the following 3 and nothing else:drying, washing and freezing for storage."
        *   *Wait, check the instruction again:* "Identify ALL the different pretreatments applied to the substrates... this includes potential treatments during substrate sample preparation, only exclude the following 3 and nothing else:drying, washing and freezing for storage."
        *   *Wait, check the instruction again:* "Identify ALL the different pretreatments applied to the substrates... this includes potential treatments during substrate sample preparation, only exclude the following 3 and nothing else:drying, washing and freezing for storage."
        *   *Wait, check the instruction again:* "Identify ALL the different pretreatments applied to the substrates... this includes potential treatments during substrate sample preparation, only exclude the following 3 and nothing else:drying, washing and freezing for storage."
        *   *Wait, check the instruction again:* "Identify ALL the different pretreatments applied to the substrates... this includes potential treatments during substrate sample preparation, only exclude the following 3 and nothing else:drying, washing and freezing for storage."
        *   *Wait, check the instruction again:* "Identify ALL the different pretreatments applied to the substrates... this includes potential treatments during substrate sample preparation, only exclude the following 3 and nothing else:drying, washing and freezing for storage."
        *   *Wait, check the instruction again:* "Identify ALL the different pretreatments applied to the substrates... this includes potential treatments during substrate sample preparation, only exclude the following 3 and nothing else:drying, washing and freezing for storage."
        *   *Wait, check the instruction again:* "Identify ALL the different pretreatments applied to the substrates... this includes potential treatments during substrate sample preparation, only exclude the following 3 and nothing else:drying, washing and freezing for storage."
        *   *Wait, check the instruction again:* "Identify ALL the different pretreatments applied to the substrates... this includes potential treatments during substrate sample preparation, only exclude the following 3 and nothing else:drying, washing and freezing for storage."
        *   *Wait, check the instruction again:* "Identify ALL the different pretreatments applied to the substrates... this includes potential treatments during substrate sample preparation, only exclude the following 3 and nothing else:drying, washing and freezing for storage."
        *   *Wait, check the instruction again:* "Identify ALL the different pretreatments applied to the substrates... this includes potential treatments during substrate sample preparation, only exclude the following 3 and nothing else:drying, washing and freezing for storage."
        *   *Wait, check the instruction again:* "Identify ALL the different pretreatments applied to the substrates... this includes potential treatments during substrate sample preparation, only exclude the following 3 and nothing else:drying, washing and freezing for storage."
        *   *Wait, check the instruction again:* "Identify ALL the different pretreatments applied to the substrates... this includes potential treatments during substrate sample preparation, only exclude the following 3 and nothing else:drying, washing and freezing for storage."
        *   *Wait, check the instruction again:* "Identify ALL the different pretreatments applied to the substrates... this includes potential treatments during substrate sample preparation, only exclude the following 3 and nothing else:drying, washing and freezing for storage."
        *   *Wait, check the instruction again:* "Identify ALL the different pretreatments applied to the substrates... this includes potential treatments during substrate sample preparation, only exclude the following 3 and nothing else:drying, washing and freezing for storage."
        *   *Wait, check the instruction again:* "Identify ALL the different pretreatments applied to the substrates... this includes potential treatments during substrate sample preparation, only exclude the following 3 and nothing else:drying, washing and freezing for storage."
        *   *Wait, check the instruction again:* "Identify ALL the different pretreatments applied to the substrates... this includes potential treatments during substrate sample preparation, only exclude the following 3 and nothing else:drying, washing and freezing for storage."
        *   *Wait, check the instruction again:* "Identify ALL the different pretreatments applied to the substrates... this includes potential treatments during substrate sample preparation, only exclude the following 3 and nothing else:drying, washing and freezing for storage."
        *   *Wait, check the instruction again:* "Identify ALL the different pretreatments applied to the substrates... this includes potential treatments during substrate sample preparation, only exclude the following 3 and nothing else:drying, washing and freezing for storage."
        *   *Wait, check the instruction again:* "Identify ALL the different pretreatments applied to the substrates... this includes potential treatments during substrate sample preparation, only exclude the following 3 and nothing else:drying, washing and freezing for storage."
        *   *Wait, check the instruction again:* "Identify ALL the different pretreatments applied to the substrates... this
2026-06-05 10:30:46,671 
2026-06-05 10:30:46,672 
2026-06-05 10:30:46,672 wrong format on the response:  for article: articletxt/16.txt
2026-06-05 10:30:46,674 articletxt/752.txt
2026-06-05 10:30:46,674 Title of processing article: TITLE: Accelerated biomethane production from lignocellulosic biomass: Pretreated by mixed enzymes secreted by Trichoderma viride and Aspergillus sp.
